<?xml version='1.0' encoding='UTF-8'?>
<shortcuts>

  <!-- Live TV -->
  <shortcut>
   <label>$LOCALIZE[31000]</label>
   <label2>32034</label2>
   <defaultID>livetv</defaultID>
   <icon>DefaultLiveTV.png</icon>
   <action>ActivateWindow(TVChannels)</action>
  </shortcut>
  
 <!-- Movies -->
 <shortcut>
  <label>$LOCALIZE[342]</label>
  <label2>32034</label2>
  <defaultID>movies</defaultID>
  <icon>DefaultMovies.png</icon>
  <action>ActivateWindow(Videos,videodb://movies/titles/,return)</action>
 </shortcut>

 <!-- TVShows -->
 <shortcut>
  <label>$LOCALIZE[31002]</label>
  <label2>32034</label2>
  <defaultID>tvshows</defaultID>
  <icon>DefaultTVShows.png</icon>
  <action>ActivateWindow(Videos,videodb://tvshows/titles/,return)</action>
 </shortcut>

 <!-- Videos -->
 <shortcut>
  <label>$LOCALIZE[3]</label>
  <label2>32034</label2>
  <defaultID>videos</defaultID>
  <icon>DefaultVideo.png</icon>
  <action>ActivateWindow(videos,sources://video/,return)</action>
 </shortcut>

 <!-- Music -->
 <shortcut>
  <label>$LOCALIZE[2]</label>
  <label2>32034</label2>
  <defaultID>music</defaultID>
  <icon>DefaultAudio.png</icon>
  <action>ActivateWindow(Music,root,return)</action>
 </shortcut>

 <!-- Pictures -->
 <shortcut>
  <label>$LOCALIZE[10002]</label>
  <label2>32034</label2>
  <defaultID>pictures</defaultID>
  <icon>DefaultPicture.png</icon>
  <action>ActivateWindow(Pictures)</action>
 </shortcut>

 <!-- Add-ons -->
 <shortcut>
  <label>$LOCALIZE[24001]</label>
  <label2>32034</label2>
  <defaultID>addons</defaultID>
  <icon>DefaultAddon.png</icon>
  <action>ActivateWindow(AddonBrowser,return)</action>
 </shortcut>



 <!-- Trailers -->
 <shortcut>
  <label>$LOCALIZE[31018]</label>
  <label2>32034</label2>
  <defaultID>trailers</defaultID>
  <icon>icons/big/Trailers.png</icon>
  <action>ActivateWindow(1120)</action>
 </shortcut>

 <!-- Weather -->
 <shortcut>
  <label>$LOCALIZE[12600]</label>
  <label2>32034</label2>
  <defaultID>weather</defaultID>
  <icon>icons/big/Weather.png</icon>
  <action>ActivateWindow(Weather)</action>
 </shortcut>

 <!-- Settings -->
 <shortcut>
  <label>$LOCALIZE[10004]</label>
  <label2>32034</label2>
  <defaultID>settings</defaultID>
  <icon>icons/big/Settings.png</icon>
  <action>ActivateWindow(Settings)</action>
 </shortcut>

</shortcuts>
