<?xml version="1.0" encoding="UTF-8"?>
<window  type="buttonMenu" id="111">
	<defaultcontrol>9000</defaultcontrol>
	<onload condition="!String.IsEmpty(Window(Home).Property(TMDbHelper.Path.Current))">action(back)</onload>
	<onload condition="Window.IsActive(playercontrols)">Dialog.Close(playercontrols)</onload>
	<onload condition="Window.IsActive(favourites)">Dialog.Close(favourites)</onload>
	<include>OnLoadDialogsClose</include>
	<controls>

		<control type="group">
			<left>30</left>
			<top>25</top>
			<include>OpenCloseSlideAnimation</include>
			<include>VisibleHiddenSlideAnimation</include>
			<visible>String.IsEmpty(Window(Home).Property(TMDbHelper.Path.Current))</visible>
			<control type="grouplist" id="9000">
				<left>0</left>
				<top>-12</top>
				<width>450</width>
				<height max="620">auto</height>
				<itemgap>0</itemgap>
				<onleft>Close</onleft>
				<onright>Close</onright>
				<onup>9000</onup>
				<ondown>9000</ondown>
				<control type="image" id="1">
					<left>0</left>
					<top>0</top>
					<width>405</width>
					<height>75</height>
					<texture>dialogs/menus/topmenus_shutdown.png</texture>
					<aspectratio>stretch</aspectratio>
				</control>
				<control type="button" id="2">
					<description>Exit button</description>
					<include>TopLeftMenusButton</include>
					<onclick>SetProperty(SmoothExit,Exiting,Home)</onclick>
					<onclick>ActivateWindow(1114)</onclick>
					<label>$LOCALIZE[13012]</label>
					<visible>System.ShowExitButton</visible>
				</control>
				<control type="button" id="3">
					<description>Settings button</description>
					<include>TopLeftMenusButton</include>
					<onclick>ActivateWindow(Settings)</onclick>
					<label>$LOCALIZE[5]</label>
					<visible>System.Loggedon</visible>
				</control>
				<control type="button" id="4">
					<description>System Info button</description>
					<include>TopLeftMenusButton</include>
					<onclick>ActivateWindow(SystemInfo)</onclick>
					<label>$LOCALIZE[130]</label>
					<visible>System.Loggedon</visible>
				</control>
				<control type="button" id="5">
					<description>File Manager button</description>
					<include>TopLeftMenusButton</include>
					<onclick>ActivateWindow(FileManager)</onclick>
					<label>$LOCALIZE[31016]</label>
					<visible>System.Loggedon</visible>
				</control>
				<control type="button" id="6">
					<include>TopLeftMenusButton</include>
					<onclick>RunScript(script.embuary.helper,action=dialogyesno,header=$LOCALIZE[19685],message=$LOCALIZE[13016]?,yesaction=SetProperty(SmoothExit,Poweringoff,Home)|ActivateWindow(1114),noaction=back)</onclick>
					<visible>System.CanPowerDown</visible>
					<label>$LOCALIZE[13016]</label>
				</control>
				<control type="button" id="7">
					<description>Custom Shutdown Timer</description>
					<include>TopLeftMenusButton</include>
					<onclick>AlarmClock(shutdowntimer,Powerdown())</onclick>
					<label>$LOCALIZE[20150]</label>
					<visible>!System.HasAlarm(shutdowntimer)</visible>
					<visible>System.CanPowerDown</visible>
				</control>
				<control type="button" id="8">
					<description>Cancel Shutdown Timer</description>
					<include>TopLeftMenusButton</include>
					<onclick>CancelAlarm(shutdowntimer)</onclick>
					<label>$LOCALIZE[20151]</label>
					<visible>System.HasAlarm(shutdowntimer)</visible>
				</control>
				<control type="button" id="9">
					<description>Suspend button</description>
					<include>TopLeftMenusButton</include>
					<onclick>SetProperty(SmoothExit,Suspending,Home)</onclick>
					<onclick>ActivateWindow(1114)</onclick>
					<label>$LOCALIZE[13011]</label>
					<visible>System.CanSuspend</visible>
				</control>
				<control type="button" id="10">
					<description>Hibernate button</description>
					<include>TopLeftMenusButton</include>
					<onclick>SetProperty(SmoothExit,Hibernating,Home)</onclick>
					<onclick>ActivateWindow(1114)</onclick>
					<label>$LOCALIZE[13010]</label>
					<visible>System.CanHibernate</visible>
				</control>
				<control type="button" id="11">
					<description>Reboot button</description>
					<include>TopLeftMenusButton</include>
					<onclick>SetProperty(SmoothExit,Rebooting,Home)</onclick>
					<onclick>ActivateWindow(1114)</onclick>
					<visible>System.CanReboot</visible>
					<label>$LOCALIZE[13013]</label>
				</control>
				<control type="button" id="12">
					<description>Logoff button</description>
					<include>TopLeftMenusButton</include>
					<onclick>SetProperty(SmoothExit,Logingoff,Home)</onclick>
					<onclick>ActivateWindow(1114)</onclick>
					<label>$LOCALIZE[20126] $INFO[system.profilename]</label>
					<visible>System.HasLoginScreen | Integer.IsGreater(System.ProfileCount,1)</visible>
					<visible>System.Loggedon</visible>
				</control>
				<control type="togglebutton" id="13">
					<description>Master mode button</description>
					<include>TopLeftMenusButton</include>
					<usealttexture>!System.IsMaster</usealttexture>
					<onclick>mastermode</onclick>
					<label>$LOCALIZE[20046]</label>
					<altlabel>$LOCALIZE[20045]</altlabel>
					<visible>System.HasLocks</visible>
				</control>
				<control type="button" id="14">
					<description>Profiles button</description>
					<include>TopLeftMenusButton</include>
					<onclick>ActivateWindow(Profiles)</onclick>
					<label>$LOCALIZE[13200]</label>
					<visible>System.Loggedon</visible>
				</control>
				<control type="button" id="15">
					<description>Eject button</description>
					<include>TopLeftMenusButton</include>
					<onclick>EjectTray</onclick>
					<label>$LOCALIZE[13391]</label>
					<visible>System.HasMediaDVD</visible>
					<visible>System.Loggedon</visible>
				</control>
				<control type="button" id="16">
					<include>TopLeftMenusButton</include>
					<onclick>Dialog.Close(all,true)</onclick>
					<onclick>Action(reloadkeymaps)</onclick>
					<onclick>ReloadSkin()</onclick>
					<onclick condition="System.HasAddon(script.skinshortcuts)">RunScript(script.skinshortcuts,type=buildxml&amp;mode=single&amp;options=clonewidgets&amp;mainmenuID=20)</onclick>
					<label>$LOCALIZE[20183]</label>
				</control>
				<!--
				<control type="togglebutton" id="17">
					<description>Master mode button</description>
					<include>TopLeftMenusButton</include>
					<onclick>Skin.ToggleSetting(TMDbHelper.Service)</onclick>
					<label>Toggle Service Monitor</label>
				</control>
				-->
				<include>OptionsTopMenuEnd</include>
			</control>

			<!-- ================ -->
			<!-- Top Content Info -->
			<!-- ================ -->
		<!--	<control type="grouplist">
				<left>75</left>
				<top>0</top>
				<height>70</height>
				<width>1000</width>
				<align>left</align>
				<itemgap>20</itemgap>
				<orientation>horizontal</orientation>
				<control type="label">
					<include>TopBigLabel</include>
					<label>$LOCALIZE[13005] $LOCALIZE[33061]</label>
				</control> -->
				<!-- *Disabled*
				<control type="fadelabel">
					<include>TopSmallLabel</include>
					<label>$INFO[System.Date], $INFO[System.Time]</label>
					<label>$INFO[System.Uptime, $LOCALIZE[12390]: ]</label>
					<label>$INFO[System.TotalUptime, $LOCALIZE[12394]: ]</label>
					<scroll>false</scroll>
					<scrollout>false</scrollout>
					<scrollspeed>100</scrollspeed>
					<pauseatend>5000</pauseatend>
					<visible>!System.HasAlarm(shutdowntimer)</visible>
					<animation effect="fade" start="0" end="100" time="400" tween="sine" easing="inout">Visible</animation>
					<animation effect="fade" start="100" end="0" time="400" tween="sine" easing="inout">Hidden</animation>
				</control>
				<control type="fadelabel">
					<include>TopSmallLabel</include>
					<label>[COLOR=$VAR[Text.GlobalColor]]$INFO[System.Alarmpos, $LOCALIZE[31008] ][/COLOR]</label>
					<label>$INFO[System.Date], $INFO[System.Time]</label>
					<label>$INFO[System.Uptime, $LOCALIZE[12390]: ]</label>
					<label>$INFO[System.TotalUptime, $LOCALIZE[12394]: ]</label>
					<scroll>false</scroll>
					<scrollout>false</scrollout>
					<scrollspeed>100</scrollspeed>
					<pauseatend>5000</pauseatend>
					<visible>System.HasAlarm(shutdowntimer)</visible>
					<animation effect="fade" start="0" end="100" time="400" tween="sine" easing="inout">Visible</animation>
					<animation effect="fade" start="100" end="0" time="400" tween="sine" easing="inout">Hidden</animation>
				</control>
				-->
	<!--		</control>
		</control> -->


		<!-- ================= -->
		<!-- Small System Info -->
		<!-- ================= -->
		<control type="group">
			<left>45</left>
			<top>540</top>
			<visible>String.IsEmpty(Window(Home).Property(TMDbHelper.Path.Current)) + !Window.IsActive(fullscreenvideo) + !Window.IsActive(visualisation) + !Window.IsVisible(startup)</visible>
			<animation type="WindowOpen" reversible="false">
				<effect type="fade" start="0" end="100" time="300" tween="sine" easing="in"  />
				<effect type="slide" start="0,55" end="0,0" time="350" tween="cubic" easing="out" />
			</animation>
			<animation type="WindowClose" reversible="false">
				<effect type="fade" start="100" end="0" time="300" tween="sine" easing="out" />
				<effect type="slide" start="0,0" end="0,55" time="350" tween="sine" easing="out" />
			</animation>
			<animation type="Visible" reversible="false">
				<effect type="fade" start="0" end="100" time="300" tween="sine" easing="in"  />
				<effect type="slide" start="0,90" end="0,0" time="350" tween="cubic" easing="out" />
			</animation>
			<animation type="Hidden" reversible="false">
				<effect type="fade" start="100" end="0" time="300" tween="sine" easing="out" />
				<effect type="slide" start="0,0" end="0,90" time="350" tween="sine" easing="out" />
			</animation>
			<control type="grouplist">
				<left>0</left>
				<top>0</top>
				<height>200</height>
				<width>1190</width>
				<itemgap>0</itemgap>
				<aligny>bottom</aligny>
				<control type="label" id="1">
					<height>50</height>
					<width>1190</width>
					<font>FontSize_40</font>
					<textcolor>white</textcolor>
					<shadowcolor>99000000</shadowcolor>
					<align>right</align>
					<aligny>center</aligny>
					<scroll>false</scroll>
					<label>$LOCALIZE[130]</label>
				</control>
				<control type="label" id="1">
					<height>25</height>
					<width>1190</width>
					<font>FontSize_24</font>
					<textcolor>77white</textcolor>
					<shadowcolor>99000000</shadowcolor>
					<align>right</align>
					<aligny>center</aligny>
					<scroll>false</scroll>
					<label>$INFO[System.Date(DDD)]$COMMA $INFO[System.Date(DD)] $INFO[System.Date(MMM)] $INFO[System.Date(YYY)]$COMMA $INFO[System.Time]</label>
				</control>
				<control type="label" id="1">
					<height>25</height>
					<width>1190</width>
					<font>FontSize_24</font>
					<textcolor>77white</textcolor>
					<shadowcolor>99000000</shadowcolor>
					<align>right</align>
					<aligny>center</aligny>
					<scroll>false</scroll>
					<label>$INFO[System.ScreenResolution]</label>
				</control>
				<control type="label" id="1">
					<height>25</height>
					<width>1190</width>
					<font>FontSize_24</font>
					<textcolor>77white</textcolor>
					<shadowcolor>99000000</shadowcolor>
					<align>right</align>
					<aligny>center</aligny>
					<scroll>false</scroll>
					<label>$INFO[System.InternetState]$INFO[Network.IPAddress,$COMMA $LOCALIZE[150]: ]</label>
				</control>
				<control type="label" id="1">
					<height>25</height>
					<width>1190</width>
					<font>FontSize_24</font>
					<textcolor>77white</textcolor>
					<shadowcolor>99000000</shadowcolor>
					<align>right</align>
					<aligny>center</aligny>
					<scroll>false</scroll>
					<label>$INFO[System.Memory(used.percent),$LOCALIZE[31027] ]$INFO[System.CPUUsage,$COMMA $LOCALIZE[13271] ]</label>
				</control>
				<!-- *Disabled*
				<control type="fadelabel">
					<height>25</height>
					<width>1190</width>
					<font>FontSize_24</font>
					<textcolor>77white</textcolor>
					<shadowcolor>99000000</shadowcolor>
					<align>right</align>
					<aligny>center</aligny>
					<label>$INFO[System.Uptime, $LOCALIZE[12390]: ]</label>
					<label>$INFO[System.TotalUptime, $LOCALIZE[12394]: ]</label>
					<scroll>false</scroll>
					<scrollout>false</scrollout>
					<scrollspeed>100</scrollspeed>
					<pauseatend>10000</pauseatend>
					<visible>!System.HasAlarm(shutdowntimer)</visible>
					<animation effect="fade" start="0" end="100" time="400" tween="sine" easing="inout">Visible</animation>
					<animation effect="fade" start="100" end="0" time="400" tween="sine" easing="inout">Hidden</animation>
				</control>
				<control type="fadelabel">
					<height>25</height>
					<width>1190</width>
					<font>FontSize_24</font>
					<textcolor>77white</textcolor>
					<shadowcolor>99000000</shadowcolor>
					<label>[COLOR=$VAR[Text.GlobalColor]]$INFO[System.Alarmpos, $LOCALIZE[31008] ][/COLOR]</label>
					<label>$INFO[System.Uptime, $LOCALIZE[12390]: ]</label>
					<label>$INFO[System.TotalUptime, $LOCALIZE[12394]: ]</label>
					<scroll>false</scroll>
					<scrollout>false</scrollout>
					<scrollspeed>100</scrollspeed>
					<pauseatend>10000</pauseatend>
					<visible>System.HasAlarm(shutdowntimer)</visible>
					<animation effect="fade" start="0" end="100" time="400" tween="sine" easing="inout">Visible</animation>
					<animation effect="fade" start="100" end="0" time="400" tween="sine" easing="inout">Hidden</animation>
				</control>
				-->
			</control>
		</control>
	</controls>
</window>
