<?xml version="1.0" encoding="UTF-8"?>
<window  type="dialog" id="134">
	<defaultcontrol always="true">450</defaultcontrol>
	<onload condition="!String.IsEmpty(Window(Home).Property(TMDbHelper.Path.Current))">action(back)</onload>
	<include>OnLoadDialogsClose</include>
	<onload condition="Window.IsActive(shutdownmenu)">PreviousMenu</onload>
	<onload condition="Window.IsActive(playercontrols)">Dialog.Close(playercontrols)</onload>
	<onload condition="!Integer.IsGreater(Container(450).NumItems,0)">ActivateWindow(1110)</onload>
	<onload>SetProperty(Resume,True,Home)</onload>
	<onunload>AlarmClock(Clear,ClearProperty(Resume,Home),00:00,silent)</onunload>
	<controls>

		<control type="group">
			<include>HomeMenu_OpenCloseSlideAnimation</include>
			<include>VisibleHiddenSlideAnimation</include>
			<visible>String.IsEmpty(Window(Home).Property(TMDbHelper.Path.Current))</visible>
			<visible>!Window.IsActive(shutdownmenu) + !Window.IsActive(virtualkeyboard) + !Window.IsActive(filebrowser)</visible>
			<control type="image">
				<left>-50</left>
				<top>141</top>
				<width>1380</width>
				<height>456</height>
				<texture border="31">views/other/panel.png</texture>
			</control>
			<control type="group">
				<left>45</left>
				<top>143</top>
				<control type="image">
					<left>2</left>
					<top>1</top>
					<width>450</width>
					<height>450</height>
					<aspectratio>keep</aspectratio>
					<texture border="1" fallback="thumbs/fallback_square_big_tp.png">$VAR[InfoDialogsArt]</texture>
				</control>
				<control type="image">
					<left>455</left>
					<top>0</top>
					<width>810</width>
					<height>352</height>
					<texture border="1">dialogs/favourites/list_separators.png</texture>
				</control>
				<control type="image">
					<left>0</left>
					<top>0</top>
					<width>1</width>
					<height>452</height>
					<colordiffuse>55AAAAAA</colordiffuse>
					<texture background="true">windows/bg/white.png</texture>
				</control>
				<control type="image">
					<left>453</left>
					<top>0</top>
					<width>1</width>
					<height>452</height>
					<colordiffuse>55AAAAAA</colordiffuse>
					<texture background="true">windows/bg/white.png</texture>
				</control>
			</control>
			<control type="list" id="450">
				<left>500</left>
				<top>144</top>
				<width>810</width>
				<height>450</height>
				<onleft></onleft>
				<onright></onright>
				<onup>450</onup>
				<ondown>450</ondown>
				<viewtype label="535">List</viewtype>
				<pagecontrol>60</pagecontrol>
				<scrolltime tween="cubic" easing="out">300</scrolltime>
				<itemlayout height="50" width="810">
					<!--
					<control type="label">
						<left>3</left>
						<top>1</top>
						<width>25</width>
						<height>50</height>
						<font>FontSize_24</font>
						<textcolor>viewsinfo</textcolor>
						<shadowcolor>77000000</shadowcolor>
						<label>․</label>
					</control>
					-->
					<control type="label">
						<left>10</left>
						<top>0</top>
						<width>750</width>
						<height>50</height>
						<font>FontSize_22</font>
						<textcolor>viewsinfo</textcolor>
						<shadowcolor>77000000</shadowcolor>
						<align>left</align>
						<aligny>center</aligny>
						<label>$INFO[ListItem.Label]</label>
					</control>
				</itemlayout>
				<focusedlayout height="50" width="810">
					<control type="group">
						<include>ListFocusAnimation</include>
						<control type="image">
							<width>810</width>
							<height>50</height>
							<texture background="true">windows/settings/settings_right_fo.png</texture>
						</control>
						<!--
						<control type="label">
							<left>0</left>
							<top>1</top>
							<width>25</width>
							<height>50</height>
							<font>FontSize_24</font>
							<textcolor>white</textcolor>
							<shadowcolor>77000000</shadowcolor>
							<label>◎</label>
						</control>
						-->
						<control type="label">
							<left>10</left>
							<top>0</top>
							<width>750</width>
							<height>50</height>
							<font>FontSize_22</font>
							<textcolor>white</textcolor>
							<selectedcolor>white</selectedcolor>
							<shadowcolor>77000000</shadowcolor>
							<scroll>true</scroll>
							<label>$INFO[ListItem.Label]</label>
						</control>
					</control>
				</focusedlayout>
			</control>
		</control>
		<!--
		<control type="image">
			<include>FullscreenDimensions</include>
			<texture background="true">windows/bg/bg_overlay.png</texture>
			<include>BackgroundFade</include>
			<visible>String.IsEmpty(Window(Home).Property(TMDbHelper.Path.Current)) + Window.IsActive(contextmenu)</visible>
		</control>
		-->
		<!-- ================ -->
		<!-- Top Content Info -->
		<!-- ================ -->
	<!--	<control type="group">
			<left>45</left>
			<top>25</top>
			<include>VisibleHiddenSlideAnimation</include>
			<visible>String.IsEmpty(Window(Home).Property(TMDbHelper.Path.Current))</visible>
			<visible>!Window.IsActive(shutdownmenu)</visible>
			<control type="grouplist">
				<left>0</left>
				<top>0</top>
				<height>70</height>
				<width>1000</width>
				<align>left</align>
				<itemgap>20</itemgap>
				<orientation>horizontal</orientation>
				<include>LogoBig</include>
				<include>OpenCloseSlideAnimation</include>
				<control type="label">
					<include>TopBigLabel</include>
					<label>$LOCALIZE[1036]</label>
					<animation effect="slide" end="0,10" condition="String.IsEmpty(Container(450).ListItem.Label)">Conditional</animation>
				</control>
			</control>
			<control type="label">
				<description>Page Count Label</description>
				<left>70</left>
				<top>45</top>
				<width>300</width>
				<height>20</height>
				<font>FontSize_18</font>
				<textcolor>$VAR[Text.GlobalColor]</textcolor>
				<scroll>false</scroll>
				<align>left</align>
				<aligny>center</aligny>
				<label>$INFO[Container(450).CurrentItem,$LOCALIZE[31025] ]$INFO[Container(450).NumItems, $LOCALIZE[31024] ]</label>
				<include>OpenCloseSlideAnimation</include>
				<visible>!String.IsEmpty(Container(450).ListItem.Label)</visible>
			</control>
		</control> -->
	</controls>
</window>
