<?xml version="1.0" encoding="UTF-8"?>
<includes>

	<include name="OSDControlsButton">
		<width>58</width>
		<height>58</height>
		<textcolor>00000000</textcolor>
		<focusedcolor>00000000</focusedcolor>
	</include>

	<include name="OSDControlsButtonBig">
		<width>64</width>
		<height>64</height>
		<textcolor>00000000</textcolor>
		<focusedcolor>00000000</focusedcolor>
	</include>

	<include name="OSDPlotWidth">
		<include condition="Pvr.IsPlayingTv | Pvr.IsPlayingRadio | Player.HasAudio">OSDPlotWidthSmall</include>
		<include condition="String.IsEmpty(Player.Art(poster)) + String.IsEmpty(Player.Art(tvshow.poster))">OSDPlotWidthBig</include>
		<include>OSDPlotWidthSmall</include>
	</include>

	<include name="OSDPlotWidthBig">
		<width>1160</width>
	</include>
	<include name="OSDPlotWidthSmall">
		<width>1005</width>
	</include>

	<include name="OSDProgressWidthSmall">
		<width>1078</width>
	</include>
	<include name="OSDProgressSliderWidthSmall">
		<width>1085</width>
	</include>

	<include name="OSDProgressWidthBig">
		<width>1258</width>
	</include>
	<include name="OSDProgressSliderWidthBig">
		<width>1265</width>
	</include>


	<include name="OSDProgressBar">
		<visible>Player.HasVideo</visible>
		<animation effect="slide" start="0,0" end="180,0" condition="[VideoPlayer.Content(Movies) + !String.IsEmpty(Player.Art(poster))] | [VideoPlayer.Content(Files) + !String.IsEmpty(Player.Art(poster))] | [VideoPlayer.Content(Episodes) + !String.IsEmpty(Player.Art(tvshow.poster))] | VideoPlayer.Content(LiveTV) | Player.HasAudio">Conditional</animation>
	<width>1000</width>
		<control type="image" id="1">
		<height>15</height>
		<top>-5</top>
			<texture background="true">windows/bg/white.png</texture>
			<animation effect="fade" end="30" condition="true">Conditional</animation>
			<visible>!VideoPlayer.Content(LiveTV) + !Pvr.IsPlayingRecording</visible>
		</control>
		<control type="image" id="1">
		<height>15</height>
		<top>-5</top>
		<left>183</left>
		<width>1000</width>
			<texture background="true">windows/bg/white.png</texture>
			<animation effect="fade" end="30" condition="true">Conditional</animation>
			<visible>Pvr.IsPlayingRecording</visible>
		</control>
		<control type="image" id="1">
		<height>18</height>
		<top>-10</top>
			<texture background="true">windows/bg/white.png</texture>
			<animation effect="fade" end="30" condition="true">Conditional</animation>
			<visible>VideoPlayer.Content(LiveTV)</visible>
		</control>
		<control type="progress" id="1">
			<width>1000</width>
			<visible>!VideoPlayer.Content(LiveTV) + !Pvr.IsPlayingRecording</visible>
			<description>Progressbar</description>
			<include condition="Player.HasAudio">OSDProgressWidthSmall</include>
			<include condition="String.IsEmpty(Player.Art(poster)) + String.IsEmpty(Player.Art(tvshow.poster))">OSDProgressWidthBig</include>
			<include condition="!String.IsEmpty(Player.Art(poster))">OSDProgressWidthSmall</include>
			<include condition="!String.IsEmpty(Player.Art(tvshow.poster))">OSDProgressWidthSmall</include>
			<height>6</height>
			<reveal>true</reveal>
			<info>Player.Progress</info>
			<colordiffuse>$VAR[Textures.GlobalColor]</colordiffuse>
		</control>
		<control type="slider" id="1">
			<width>1010</width>
			<visible>!VideoPlayer.Content(LiveTV) + !Pvr.IsPlayingRecording</visible>
			<left>-3</left>
			<top>-7</top>
			<include condition="Player.HasAudio">OSDProgressSliderWidthSmall</include>
			<include condition="String.IsEmpty(Player.Art(poster)) + String.IsEmpty(Player.Art(tvshow.poster))">OSDProgressSliderWidthBig</include>
			<include condition="!String.IsEmpty(Player.Art(poster))">OSDProgressSliderWidthSmall</include>
			<include condition="!String.IsEmpty(Player.Art(tvshow.poster))">OSDProgressSliderWidthSmall</include>
			<height>7</height>
			<orientation>horizontal</orientation>
			<texturesliderbar border="1">osd/progressbar/progress_bg.png</texturesliderbar>
			<textureslidernib border="1">osd/progressbar/progress_nib.png</textureslidernib>
			<textureslidernibfocus border="1">osd/progressbar/progress_nib.png</textureslidernibfocus>
			<info>Player.Progress</info>
			<action>seek</action>
			<colordiffuse>$VAR[Textures.GlobalColor]</colordiffuse>
		</control>

<control type="group" id="1">
	<left>183</left>
		<control type="progress" id="1">
			<width>1000</width>
			<visible>Pvr.IsPlayingRecording</visible>
			<description>Progressbar</description>
			<include condition="Player.HasAudio">OSDProgressWidthSmall</include>
			<include condition="String.IsEmpty(Player.Art(poster)) + String.IsEmpty(Player.Art(tvshow.poster))">OSDProgressWidthBig</include>
			<include condition="!String.IsEmpty(Player.Art(poster))">OSDProgressWidthSmall</include>
			<include condition="!String.IsEmpty(Player.Art(tvshow.poster))">OSDProgressWidthSmall</include>
			<height>6</height>
			<reveal>true</reveal>
			<info>Player.Progress</info>
			<colordiffuse>$VAR[Textures.GlobalColor]</colordiffuse>
		</control>
		<control type="slider" id="1">
			<width>1010</width>
			<visible>Pvr.IsPlayingRecording</visible>
			<left>-3</left>
			<top>-7</top>
			<include condition="Player.HasAudio">OSDProgressSliderWidthSmall</include>
			<include condition="String.IsEmpty(Player.Art(poster)) + String.IsEmpty(Player.Art(tvshow.poster))">OSDProgressSliderWidthBig</include>
			<include condition="!String.IsEmpty(Player.Art(poster))">OSDProgressSliderWidthSmall</include>
			<include condition="!String.IsEmpty(Player.Art(tvshow.poster))">OSDProgressSliderWidthSmall</include>
			<height>7</height>
			<orientation>horizontal</orientation>
			<texturesliderbar border="1">osd/progressbar/progress_bg.png</texturesliderbar>
			<textureslidernib border="1">osd/progressbar/progress_nib.png</textureslidernib>
			<textureslidernibfocus border="1">osd/progressbar/progress_nib.png</textureslidernibfocus>
			<info>Player.Progress</info>
			<action>seek</action>
			<colordiffuse>$VAR[Textures.GlobalColor]</colordiffuse>
		</control>
	</control>
		<!-- Live TV -->
	<!--	<control type="progress" id="1">
			<visible>VideoPlayer.Content(LiveTV)</visible>
			<description>ProgressbarTimeshift</description>
			<include condition="Pvr.IsPlayingTv | Pvr.IsPlayingRadio">OSDProgressWidthSmall</include>
			<height>6</height>
			<reveal>true</reveal>
			<info>Player.ProgressCache</info>
			<colordiffuse>$VAR[Textures.GlobalColor]</colordiffuse>
			<animation effect="fade" start="100" end="30" condition="true">Conditional</animation>
		</control>
		<control type="progress" id="1">
			<visible>VideoPlayer.Content(LiveTV)</visible>
			<description>Progressbar</description>
			<include condition="Pvr.IsPlayingTv | Pvr.IsPlayingRadio">OSDProgressWidthSmall</include>
			<height>6</height>
			<reveal>true</reveal>
			<info>PVR.EpgEventProgress</info>
			<colordiffuse>$VAR[Textures.GlobalColor]</colordiffuse>
		</control>
		<control type="slider" id="1">
			<visible>VideoPlayer.Content(LiveTV)</visible>
			<left>-3</left>
			<top>-7</top>
			<include condition="Pvr.IsPlayingTv | Pvr.IsPlayingRadio">OSDProgressSliderWidthSmall</include> -->
				<!-- <width>1192</width> -->
		<!--	<height>7</height>
			<orientation>horizontal</orientation>
			<texturesliderbar border="1">osd/progressbar/progress_bg.png</texturesliderbar>
			<textureslidernib border="1">osd/progressbar/progress_nib.png</textureslidernib>
			<textureslidernibfocus border="1">osd/progressbar/progress_nib.png</textureslidernibfocus>
			<info>PVR.SeekBar</info>
			<action>seek</action>
			<colordiffuse>$VAR[Textures.GlobalColor]</colordiffuse>
		</control> -->
		<control type="progress" id="1">
			<width>1001</width>
			<top>-10</top>
	<height>6</height>
	<info2>PVR.TimeshiftProgressBufferStart</info2>
	<info>PVR.TimeshiftProgressBufferEnd</info>
	<reveal>true</reveal>
	<colordiffuse>chartreuse</colordiffuse>
</control>
<control type="progress" id="1">
	<width>1000</width>
	<height>6</height>
	<info>PVR.TimeshiftProgressEpgEnd</info>
	<info2>PVR.TimeshiftProgressPlayPos</info2>
		<colordiffuse>white</colordiffuse>
</control>
<control type="progress" id="1">
	<width>999</width>
	<height>6</height>
	<info>PVR.TimeshiftProgressPlayPos</info>
	<info2>PVR.TimeshiftProgressEpgStart</info2>
	<colordiffuse>red</colordiffuse>
</control>
<control type="slider" id="1">
	<width>1001</width>
	<height>7</height>
	<visible>true</visible>
	<left>-3</left>
	<top>-7</top>
	<orientation>horizontal</orientation>
	<texturesliderbar border="1">osd/progressbar/progress_bg.png</texturesliderbar>
	<textureslidernib border="1">osd/progressbar/progress_nib.png</textureslidernib>
	<textureslidernibfocus border="1">osd/progressbar/progress_nib.png</textureslidernibfocus>
	<colordiffuse>red</colordiffuse>
	<info>PVR.TimeShiftSeekbar</info>
	<visible>VideoPlayer.Content(LiveTV)</visible>
</control>
	</include>


	<include name="PlayerOverlayState">
		<control type="image" id="1">
			<width>165</width>
			<height>$PARAM[bg_height]</height>
			<aspectratio scalediffuse="false">scale</aspectratio>
			<texture background="true" border="1" diffuse="$PARAM[bg_diffuse]">thumbs/thumb_back.png</texture>
			<visible>$PARAM[visible]</visible>
			<animation type="conditional" condition="$PARAM[visible]" reversible="false">
				<effect type="fade" start="0" end="85" time="250"/>
			</animation>
			<animation effect="fade" start="80" end="0" time="350">Hidden</animation>
		</control>
		<control type="image" id="1">
			<left>$PARAM[icon_left]</left>
			<top>$PARAM[icon_top]</top>
			<width>$PARAM[icon_width]</width>
			<height>$PARAM[icon_height]</height>
			<texture background="true" border="1">$PARAM[icon]</texture>
			<visible>$PARAM[visible]</visible>
			<animation type="conditional" condition="$PARAM[visible]" reversible="false">
				<effect type="fade" start="0" end="100" time="250"/>
			</animation>
			<animation effect="fade" start="80" end="0" time="350">Hidden</animation>
		</control>
	</include>

	<include name="PlayerPoster">
		<control type="image" id="1">
			<width>165</width>
			<height>240</height>
			<aspectratio scalediffuse="false">scale</aspectratio>
			<texture background="true" border="1" diffuse="thumbs/poster_diffuse.png">thumbs/thumb_back.png</texture>
		</control>
		<control type="image" id="1">
			<width>165</width>
			<height>240</height>
			<aspectratio scalediffuse="false">scale</aspectratio>
			<texture background="true" border="1" fallback="thumbs/fallback_poster_tp.png" diffuse="thumbs/poster_diffuse.png">$VAR[PlayerArtPoster]</texture>
			<fadetime>IconCrossfadeTime</fadetime>
		</control>
		<include content="PlayerOverlayState">
			<param name="bg_height" value="240"/>
			<param name="bg_diffuse" value="thumbs/poster_diffuse.png"/>
			<param name="icon_left" value="37"/>
			<param name="icon_top" value="74"/>
			<param name="icon_width" value="92"/>
			<param name="icon_height" value="92"/>
			<param name="icon" value="$VAR[OverlayStateIcons]"/>
			<param name="visible" value="Player.Paused | Player.Forwarding | Player.Rewinding"/>
		</include>
		<control type="image" id="1">
			<width>165</width>
			<height>240</height>
			<texture background="true" border="1">thumbs/poster_overlay.png</texture>
		</control>
	</include>



	<include name="PlayerSquare">
		<control type="image" id="1">
			<width>165</width>
			<height>165</height>
			<texture background="true" diffuse="osd/cd_diffuse.png" fallback="osd/cd.png">$INFO[Player.FolderPath]cdart.png</texture>
			<visible>Player.HasAudio + !Player.IsInternetStream</visible>
			<include>CDArtAnimations</include>
		</control>
		<control type="image" id="1">
			<width>165</width>
			<height>165</height>
			<aspectratio scalediffuse="false">scale</aspectratio>
			<texture background="true" border="1" diffuse="thumbs/square_diffuse_small.png">thumbs/thumb_back.png</texture>
		</control>
		<control type="image" id="1">
			<width>165</width>
			<height>165</height>
			<aspectratio scalediffuse="false">scale</aspectratio>
			<texture background="true" border="1" diffuse="thumbs/square_diffuse_small.png" fallback="DefaultAudio.png">$INFO[Player.Art(thumb)]</texture>
			<fadetime>IconCrossfadeTime</fadetime>
			<visible>Player.HasAudio</visible>
		</control>
		<control type="image" id="1">
			<width>165</width>
			<height>165</height>
			<aspectratio align="center" aligny="center" scalediffuse="false">keep</aspectratio>
			<texture background="true" border="1" diffuse="thumbs/square_diffuse_small.png" fallback="DefaultLiveTV.png">$INFO[Player.Art(thumb)]</texture>
			<fadetime>IconCrossfadeTime</fadetime>
			<visible>Pvr.IsPlayingTv | Pvr.IsPlayingRadio</visible>
				<visible>String.IsEmpty(Pvr.EPGEventIcon)</visible>
		</control>
		<control type="image" id="1">
			<width>165</width>
			<height>165</height>
			<aspectratio align="center" aligny="center" scalediffuse="false">keep</aspectratio>
			<texture background="true" border="1" diffuse="thumbs/square_diffuse_small.png" fallback="DefaultLiveTV.png">$INFO[Pvr.EPGEventIcon]</texture>
			<fadetime>IconCrossfadeTime</fadetime>
			<visible>Pvr.IsPlayingTv | Pvr.IsPlayingRadio</visible>
			<visible>!String.IsEmpty(Pvr.EPGEventIcon)</visible>
		</control>
		<include content="PlayerOverlayState">
			<param name="bg_height" value="165"/>
			<param name="bg_diffuse" value="thumbs/square_diffuse_small.png"/>
			<param name="icon_left" value="42"/>
			<param name="icon_top" value="42"/>
			<param name="icon_width" value="80"/>
			<param name="icon_height" value="80"/>
			<param name="icon" value="$VAR[OverlayStateIcons]"/>
			<param name="visible" value="Player.Paused | Player.Forwarding | Player.Rewinding"/>
		</include>
		<control type="image" id="1">
			<width>165</width>
			<height>165</height>
			<texture background="true" border="1">thumbs/square_overlay_small.png</texture>
		</control>
	</include>

	<include name="PlayerPoster2">
	<!--	<control type="image" id="1">
			<width>120</width>
			<height>115</height>
			<aspectratio scalediffuse="false">scale</aspectratio>
			<texture background="true" border="1" diffuse="thumbs/poster_diffuse.png">thumbs/thumb_back.png</texture>
		</control> -->
		<control type="image" id="1">
			<width>100</width>
			<height>85</height>
			<aspectratio scalediffuse="false">scale</aspectratio>
			<texture background="true" border="1" fallback="thumbs/fallback_poster_tp.png" diffuse="thumbs/poster_diffuse.png">$VAR[PlayerArtPoster]</texture>
			<fadetime>IconCrossfadeTime</fadetime>
		</control>
<!--		<include content="PlayerOverlayState">
			<param name="bg_height" value="240"/>
			<param name="bg_diffuse" value="thumbs/poster_diffuse.png"/>
			<param name="icon_left" value="37"/>
			<param name="icon_top" value="74"/>
			<param name="icon_width" value="92"/>
			<param name="icon_height" value="92"/>
			<param name="icon" value="$VAR[OverlayStateIcons]"/>
			<param name="visible" value="Player.Paused | Player.Forwarding | Player.Rewinding"/>
		</include> -->
		<control type="image" id="1">
			<width>100</width>
			<height>85</height>
			<texture background="true" border="1">thumbs/poster_overlay.png</texture>
		</control>
	</include>

	<include name="PlayerPoster3">
	<!--	<control type="image" id="1">
			<width>120</width>
			<height>115</height>
			<aspectratio scalediffuse="false">scale</aspectratio>
			<texture background="true" border="1" diffuse="thumbs/poster_diffuse.png">thumbs/thumb_back.png</texture>
		</control> -->
		<control type="image" id="1">
			<width>100</width>
			<height>85</height>
			<aspectratio scalediffuse="false">scale</aspectratio>
			<texture background="true" border="1" fallback="thumbs/fallback_poster_tp.png" diffuse="thumbs/poster_diffuse.png">$INFO[Player.Icon]</texture>
			<fadetime>IconCrossfadeTime</fadetime>
		</control>
<!--		<include content="PlayerOverlayState">
			<param name="bg_height" value="240"/>
			<param name="bg_diffuse" value="thumbs/poster_diffuse.png"/>
			<param name="icon_left" value="37"/>
			<param name="icon_top" value="74"/>
			<param name="icon_width" value="92"/>
			<param name="icon_height" value="92"/>
			<param name="icon" value="$VAR[OverlayStateIcons]"/>
			<param name="visible" value="Player.Paused | Player.Forwarding | Player.Rewinding"/>
		</include> -->
		<control type="image" id="1">
			<width>100</width>
			<height>85</height>
			<texture background="true" border="1">thumbs/poster_overlay.png</texture>
		</control>
	</include>

	<include name="PlayerPoster4">
	<control type="image" id="1">
			<width>165</width>
			<height>240</height>
			<aspectratio scalediffuse="false">scale</aspectratio>
			<texture background="true" border="1" diffuse="thumbs/square_diffuse_small.png">thumbs/thumb_back.png</texture>
		</control>
		<control type="image" id="1">
			<width>165</width>
			<height>240</height>
			<aspectratio align="center" aligny="center" scalediffuse="false">keep</aspectratio>
			<texture background="true" border="1" diffuse="thumbs/square_diffuse_small.png" fallback="DefaultLiveTV.png">$INFO[Player.Icon]</texture>
			<fadetime>IconCrossfadeTime</fadetime>
			<visible>Pvr.IsPlayingRecording</visible>

		</control>
		<!-- <include content="PlayerOverlayState">
			<param name="bg_height" value="165"/>
			<param name="bg_diffuse" value="thumbs/square_diffuse_small.png"/>
			<param name="icon_left" value="42"/>
			<param name="icon_top" value="42"/>
			<param name="icon_width" value="80"/>
			<param name="icon_height" value="80"/>
			<param name="icon" value="$VAR[OverlayStateIcons]"/>
			<param name="visible" value="Player.Paused | Player.Forwarding | Player.Rewinding"/>
		</include> -->
	</include>

	<include name="PlayerSquare2">
		<control type="image" id="1">
			<width>120</width>
			<height>115</height>
			<texture background="true" diffuse="osd/cd_diffuse.png" fallback="osd/cd.png">$INFO[Player.FolderPath]cdart.png</texture>
			<visible>Player.HasAudio + !Player.IsInternetStream</visible>
			<include>CDArtAnimations</include>
		</control>
	<!--	<control type="image" id="1">
			<width>120</width>
			<height>120</height>
			<aspectratio scalediffuse="false">scale</aspectratio>
			<texture background="true" border="1" diffuse="thumbs/square_diffuse_small.png">thumbs/thumb_back.png</texture>
		</control> -->
		<control type="image" id="1">
			<width>120</width>
			<height>115</height>
			<aspectratio scalediffuse="false">scale</aspectratio>
			<texture background="true" border="1" diffuse="thumbs/square_diffuse_small.png" fallback="DefaultAudio.png">$INFO[Player.Art(thumb)]</texture>
			<fadetime>IconCrossfadeTime</fadetime>
			<visible>Player.HasAudio</visible>
		</control>
		<control type="image" id="1">
			<width>120</width>
			<height>115</height>
			<aspectratio align="center" aligny="center" scalediffuse="false">keep</aspectratio>
			<texture background="true" border="1" diffuse="thumbs/square_diffuse_small.png" fallback="DefaultLiveTV.png">$INFO[Player.Art(thumb)]</texture>
			<fadetime>IconCrossfadeTime</fadetime>
			<visible>Pvr.IsPlayingTv | Pvr.IsPlayingRadio</visible>
				<visible>String.IsEmpty(Pvr.EPGEventIcon)</visible>
		</control>
		<control type="image" id="1">
			<width>120</width>
			<height>115</height>
			<aspectratio align="center" aligny="center" scalediffuse="false">keep</aspectratio>
			<texture background="true" border="1" diffuse="thumbs/square_diffuse_small.png" fallback="DefaultLiveTV.png">$INFO[Pvr.EPGEventIcon]</texture>
			<fadetime>IconCrossfadeTime</fadetime>
			<visible>Pvr.IsPlayingTv | Pvr.IsPlayingRadio</visible>
			<visible>!String.IsEmpty(Pvr.EPGEventIcon)</visible>
		</control>
		<!-- <include content="PlayerOverlayState">
			<param name="bg_height" value="165"/>
			<param name="bg_diffuse" value="thumbs/square_diffuse_small.png"/>
			<param name="icon_left" value="42"/>
			<param name="icon_top" value="42"/>
			<param name="icon_width" value="80"/>
			<param name="icon_height" value="80"/>
			<param name="icon" value="$VAR[OverlayStateIcons]"/>
			<param name="visible" value="Player.Paused | Player.Forwarding | Player.Rewinding"/>
		</include> -->

	</include>



		<include name="MusicOSDStyleDefault">
		<!-- Player Controls -->
		<control type="group">
			<include>OSDAnimation</include>
			<visible>!Window.IsActive(AddonSettings) + !Window.IsActive(SelectDialog) + !Window.IsActive(busydialog) + !Window.IsActive(VisualisationPresetList) + !Window.IsActive(script-cu-lrclyrics-main.xml) + !Window.IsActive(1112) + !Window.IsActive(ShutdownMenu) + !Window.IsActive(favourites)</visible>
			<control type="grouplist" id="100">
				<right>40</right>
				<top>585</top>
				<width>505</width>
				<height>58</height>
				<itemgap>-8</itemgap>
				<onleft>100</onleft>
				<onright>100</onright>
				<onup>1000</onup>
				<ondown>1000</ondown>
				<align>right</align>
				<orientation>horizontal</orientation>
				<control type="button" id="115">
					<include>OSDControlsButton</include>
					<texturefocus colordiffuse="$VAR[Textures.GlobalColor]">osd/controls/simple_setting_ver_fo.png</texturefocus>
					<texturenofocus>osd/controls/simple_setting_ver_nf.png</texturenofocus>
					<onclick>Action(back)</onclick>
					<onclick>Skin.SetString(FullScreenMusicStyle,2)</onclick>
					<onclick>ActivateWindow(1110)</onclick>
				</control>
				<control type="button" id="108">
					<include>OSDControlsButton</include>
					<texturefocus colordiffuse="$VAR[Textures.GlobalColor]">osd/controls/audio_profiles_fo.png</texturefocus>
					<texturenofocus>osd/controls/audio_profiles_nf.png</texturenofocus>
					<onclick>Close</onclick>
					<onclick>RunScript(script.audio.profiles,0)</onclick>
					<visible>System.HasAddon(script.audio.profiles)</visible>
				</control>
				<control type="button" id="107">
					<include>OSDControlsButton</include>
					<texturefocus colordiffuse="$VAR[Textures.GlobalColor]">osd/controls/rec_fo.png</texturefocus>
					<texturenofocus>osd/controls/rec_nf.png</texturenofocus>
					<onclick>PVR.ToggleRecordPlayingChannel</onclick>
					<visible>PVR.CanRecordPlayingChannel</visible>
				</control>
				<control type="togglebutton" id="193">
					<include>OSDControlsButton</include>
					<texturefocus colordiffuse="$VAR[Textures.GlobalColor]">osd/controls/random_OFF_fo.png</texturefocus>
					<texturenofocus>osd/controls/random_OFF_nf.png</texturenofocus>
					<usealttexture>Playlist.IsRandom</usealttexture>
					<alttexturefocus colordiffuse="$VAR[Textures.GlobalColor]">osd/controls/random_ON_fo.png</alttexturefocus>
					<alttexturenofocus>osd/controls/random_ON_nf.png</alttexturenofocus>
					<onclick>PlayerControl(Random)</onclick>
					<visible>!MusicPartyMode.Enabled + !MusicPlayer.Content(LiveTV)</visible>
				</control>
				<control type="group" id="199">
					<width>58</width>
					<height>58</height>
					<visible>!MusicPartyMode.Enabled + !MusicPlayer.Content(LiveTV)</visible>
					<control type="togglebutton" id="194">
						<include>OSDControlsButton</include>
						<texturefocus></texturefocus>
						<texturenofocus></texturenofocus>
						<onclick>PlayerControl(Repeat)</onclick>
						<onleft>193</onleft>
						<onright>101</onright>
						<onup>1000</onup>
						<ondown>1000</ondown>
					</control>
					<control type="image">
						<width>58</width>
						<height>58</height>
						<texture>osd/controls/repeat_nf.png</texture>
						<visible>!Playlist.IsRepeat + !Playlist.IsRepeatOne</visible>
						<visible>!Control.HasFocus(194)</visible>
					</control>
					<control type="image">
						<width>58</width>
						<height>58</height>
						<colordiffuse>$VAR[Textures.GlobalColor]</colordiffuse>
						<texture>osd/controls/repeat_fo.png</texture>
						<visible>!Playlist.IsRepeat + !Playlist.IsRepeatOne</visible>
						<visible>Control.HasFocus(194)</visible>
					</control>
					<control type="image">
						<width>58</width>
						<height>58</height>
						<texture>osd/controls/repeat_one_nf.png</texture>
						<visible>Playlist.IsRepeatOne</visible>
						<visible>!Control.HasFocus(194)</visible>
					</control>
					<control type="image">
						<width>58</width>
						<height>58</height>
						<colordiffuse>$VAR[Textures.GlobalColor]</colordiffuse>
						<texture>osd/controls/repeat_one_fo.png</texture>
						<visible>Playlist.IsRepeatOne</visible>
						<visible>Control.HasFocus(194)</visible>
					</control>
					<control type="image">
						<width>58</width>
						<height>58</height>
						<texture>osd/controls/repeat_all_nf.png</texture>
						<visible>Playlist.IsRepeat</visible>
						<visible>!Control.HasFocus(194)</visible>
					</control>
					<control type="image">
						<width>58</width>
						<height>58</height>
						<colordiffuse>$VAR[Textures.GlobalColor]</colordiffuse>
						<texture>osd/controls/repeat_all_fo.png</texture>
						<visible>Playlist.IsRepeat</visible>
						<visible>Control.HasFocus(194)</visible>
					</control>
				</control>
				<control type="button" id="101">
					<include>OSDControlsButton</include>
					<texturefocus colordiffuse="$VAR[Textures.GlobalColor]">osd/controls/previous_fo.png</texturefocus>
					<texturenofocus>osd/controls/previous_nf.png</texturenofocus>
					<onclick>PlayerControl(Previous)</onclick>
				</control>
				<control type="button" id="102">
					<include>OSDControlsButton</include>
					<texturefocus colordiffuse="$VAR[Textures.GlobalColor]">osd/controls/rw_fo.png</texturefocus>
					<texturenofocus>osd/controls/rw_nf.png</texturenofocus>
					<onclick>PlayerControl(Rewind)</onclick>
				</control>
				<control type="togglebutton" id="103">
					<include>OSDControlsButton</include>
					<texturefocus colordiffuse="$VAR[Textures.GlobalColor]">osd/controls/pause_fo.png</texturefocus>
					<texturenofocus>osd/controls/pause_nf.png</texturenofocus>
					<usealttexture>Player.Paused | Player.Forwarding | Player.Rewinding</usealttexture>
					<alttexturefocus colordiffuse="$VAR[Textures.GlobalColor]">osd/controls/play_fo.png</alttexturefocus>
					<alttexturenofocus>osd/controls/play_nf.png</alttexturenofocus>
					<onclick>PlayerControl(Play)</onclick>
				</control>
				<control type="button" id="104">
					<include>OSDControlsButton</include>
					<texturefocus colordiffuse="$VAR[Textures.GlobalColor]">osd/controls/stop_fo.png</texturefocus>
					<texturenofocus>osd/controls/stop_nf.png</texturenofocus>
					<onclick>Dialog.Close(120)</onclick>
					<onclick>PlayerControl(Stop)</onclick>
				</control>
				<control type="button" id="105">
					<include>OSDControlsButton</include>
					<texturefocus colordiffuse="$VAR[Textures.GlobalColor]">osd/controls/ff_fo.png</texturefocus>
					<texturenofocus>osd/controls/ff_nf.png</texturenofocus>
					<onclick>PlayerControl(Forward)</onclick>
				</control>
				<control type="button" id="106">
					<include>OSDControlsButton</include>
					<texturefocus colordiffuse="$VAR[Textures.GlobalColor]">osd/controls/next_fo.png</texturefocus>
					<texturenofocus>osd/controls/next_nf.png</texturenofocus>
					<onclick>PlayerControl(Next)</onclick>
				</control>
			</control>
		</control>

		<!-- ================= -->
		<!-- == Top Buttons == -->
		<!-- ================= -->
		<control type="group">
			<left>45</left>
			<top>25</top>
			<include>CommonDialogsAnimation</include>
			<visible>Player.HasAudio + !Window.IsActive(script-cu-lrclyrics-main.xml) + !Window.IsActive(ShutdownMenu) + !Window.IsActive(favourites)</visible>
			<!-- Buttons -->
			<control type="grouplist" id="1000">
				<left>0</left>
				<top>0</top>
				<height>0</height>
				<width>1190</width>
				<itemgap>15</itemgap>
				<onleft>1000</onleft>
				<onright>1000</onright>
				<onup>100</onup>
				<ondown>100</ondown>
				<orientation>horizontal</orientation>
				<include>Logo</include>
				<control type="label" id="999">
					<include>TopBigLabel</include>
					<label>$LOCALIZE[33063]</label>
				</control>
				<control type="button" id="1001">
					<description>Settings</description>
					<label>$LOCALIZE[5]</label>
					<include>TopMenuButton</include>
					<onclick>ActivateWindow(1112)</onclick>
				</control>
				<control type="togglebutton" id="1005">
					<description>Lyrics</description>
					<label>$LOCALIZE[24013]</label>
					<include>TopMenuButton</include>
					<onclick>RunScript($INFO[Skin.String(LyricScript_Path)])</onclick>
					<altclick>Skin.SetAddon(LyricScript_Path,xbmc.python.lyrics)</altclick>
					<altclick>RunScript($INFO[Skin.String(LyricScript_Path)])</altclick>
					<usealttexture>String.IsEmpty(Skin.String(LyricScript_Path))</usealttexture>
				</control>
				<control type="button" id="1006">
					<description>Playlist</description>
					<label>$LOCALIZE[559]</label>
					<include>TopMenuButton</include>
					<onclick>Close</onclick>
					<onclick>ActivateWindow(musicplaylist)</onclick>
				</control>
				<!--
				<control type="togglebutton" id="1002">
					<description>Info</description>
					<label>$LOCALIZE[29915]: $LOCALIZE[591]</label>
					<altlabel>$LOCALIZE[29915]: $LOCALIZE[16041]</altlabel>
					<usealttexture>Skin.HasSetting(MusicInfoOSD)</usealttexture>
					<include>TopMenuButton</include>
					<onclick>Skin.ToggleSetting(MusicInfoOSD)</onclick>
				</control>
				-->
			</control>
		</control>
	</include>

	<include name="MusicOSDStyleSimple">
		<control type="group">
			<include>FullscreenDimensions</include>
			<include>OSDAnimationSide</include>
			<visible>!Window.IsActive(AddonSettings) + !Window.IsActive(SelectDialog) + !Window.IsActive(VisualisationPresetList) + !Window.IsActive(script-cu-lrclyrics-main.xml) + !Window.IsActive(1112) + !Window.IsActive(ShutdownMenu) + !Window.IsActive(favourites)</visible>
			<!-- Player Controls - General -->
			<control type="grouplist" id="100">
				<right>37</right>
				<top>0</top>
				<width>64</width>
				<height>720</height>
				<itemgap>-8</itemgap>
				<onleft>Close</onleft>
				<onright>190</onright>
				<onup>100</onup>
				<ondown>100</ondown>
				<align>center</align>
				<aligny>center</aligny>
				<orientation>vertical</orientation>
				<include>OSDControlsSimpleAnimationGeneral</include>
				<control type="button" id="102">
					<include>OSDControlsButtonBig</include>
					<texturefocus colordiffuse="$VAR[Textures.GlobalColor]">osd/controls/previous_fo.png</texturefocus>
					<texturenofocus>osd/controls/previous_nf.png</texturenofocus>
					<onclick>PlayerControl(Previous)</onclick>
				</control>
				<control type="button" id="104">
					<include>OSDControlsButtonBig</include>
					<texturefocus colordiffuse="$VAR[Textures.GlobalColor]">osd/controls/rw_fo.png</texturefocus>
					<texturenofocus>osd/controls/rw_nf.png</texturenofocus>
					<onclick>PlayerControl(Rewind)</onclick>
				</control>
				<control type="togglebutton" id="103">
					<include>OSDControlsButtonBig</include>
					<texturefocus colordiffuse="$VAR[Textures.GlobalColor]">osd/controls/pause_fo.png</texturefocus>
					<texturenofocus>osd/controls/pause_nf.png</texturenofocus>
					<usealttexture>Player.Paused | Player.Forwarding | Player.Rewinding</usealttexture>
					<alttexturefocus colordiffuse="$VAR[Textures.GlobalColor]">osd/controls/play_fo.png</alttexturefocus>
					<alttexturenofocus>osd/controls/play_nf.png</alttexturenofocus>
					<onclick>PlayerControl(Play)</onclick>
				</control>
				<control type="button" id="105">
					<include>OSDControlsButtonBig</include>
					<texturefocus colordiffuse="$VAR[Textures.GlobalColor]">osd/controls/stop_fo.png</texturefocus>
					<texturenofocus>osd/controls/stop_nf.png</texturenofocus>
					<onclick>Dialog.Close(120)</onclick>
					<onclick>PlayerControl(Stop)</onclick>
				</control>
				<control type="button" id="106">
					<include>OSDControlsButtonBig</include>
					<texturefocus colordiffuse="$VAR[Textures.GlobalColor]">osd/controls/ff_fo.png</texturefocus>
					<texturenofocus>osd/controls/ff_nf.png</texturenofocus>
					<onclick>PlayerControl(Forward)</onclick>
				</control>
				<control type="button" id="107">
					<include>OSDControlsButtonBig</include>
					<texturefocus colordiffuse="$VAR[Textures.GlobalColor]">osd/controls/next_fo.png</texturefocus>
					<texturenofocus>osd/controls/next_nf.png</texturenofocus>
					<onclick>PlayerControl(Next)</onclick>
				</control>
			</control>
			<!-- Player Controls - Options -->
			<control type="grouplist" id="190">
				<right>37</right>
				<top>0</top>
				<width>64</width>
				<height>720</height>
				<itemgap>-8</itemgap>
				<onleft>100</onleft>
				<onright>Close</onright>
				<onup>190</onup>
				<ondown>190</ondown>
				<onback>left</onback>
				<align>center</align>
				<aligny>center</aligny>
				<orientation>vertical</orientation>
				<include>OSDControlsSimpleAnimationOptions</include>
				<control type="button" id="188">
					<include>OSDControlsButtonBig</include>
					<texturefocus colordiffuse="$VAR[Textures.GlobalColor]">osd/controls/simple_setting_hor_fo.png</texturefocus>
					<texturenofocus>osd/controls/simple_setting_hor_nf.png</texturenofocus>
					<onclick>Action(back)</onclick>
					<onclick>Skin.SetString(FullScreenMusicStyle,1)</onclick>
					<onclick>ActivateWindow(1110)</onclick>
				</control>
				<control type="button" id="189">
					<include>OSDControlsButtonBig</include>
					<texturefocus colordiffuse="$VAR[Textures.GlobalColor]">osd/controls/settings_fo.png</texturefocus>
					<texturenofocus>osd/controls/settings_nf.png</texturenofocus>
					<onclick>ActivateWindow(1112)</onclick>
				</control>
				<control type="button" id="192">
					<include>OSDControlsButtonBig</include>
					<texturefocus colordiffuse="$VAR[Textures.GlobalColor]">osd/controls/info_fo.png</texturefocus>
					<texturenofocus>osd/controls/info_nf.png</texturenofocus>
					<onclick>Close</onclick>
					<onclick>Skin.ToggleSetting(MusicInfoOSD)</onclick>
				</control>
				<control type="togglebutton" id="191">
					<include>OSDControlsButtonBig</include>
					<texturefocus colordiffuse="$VAR[Textures.GlobalColor]">osd/controls/lyrics_fo.png</texturefocus>
					<texturenofocus>osd/controls/lyrics_nf.png</texturenofocus>
					<alttexturefocus colordiffuse="$VAR[Textures.GlobalColor]">osd/controls/lyrics_fo.png</alttexturefocus>
					<alttexturenofocus>osd/controls/lyrics_nf.png</alttexturenofocus>
					<onclick>Close</onclick>
					<onclick>RunScript($INFO[Skin.String(LyricScript_Path)])</onclick>
					<altclick>Skin.SetAddon(LyricScript_Path,xbmc.python.lyrics)</altclick>
					<altclick>RunScript($INFO[Skin.String(LyricScript_Path)])</altclick>
					<usealttexture>String.IsEmpty(Skin.String(LyricScript_Path))</usealttexture>
				</control>
				<control type="button" id="195">
					<include>OSDControlsButtonBig</include>
					<texturefocus colordiffuse="$VAR[Textures.GlobalColor]">osd/controls/playlist_fo.png</texturefocus>
					<texturenofocus>osd/controls/playlist_nf.png</texturenofocus>
					<onclick>Close</onclick>
					<onclick>ActivateWindow(musicplaylist)</onclick>
				</control>
				<control type="togglebutton" id="193">
					<include>OSDControlsButtonBig</include>
					<texturefocus colordiffuse="$VAR[Textures.GlobalColor]">osd/controls/random_OFF_fo.png</texturefocus>
					<texturenofocus>osd/controls/random_OFF_nf.png</texturenofocus>
					<usealttexture>Playlist.IsRandom</usealttexture>
					<alttexturefocus colordiffuse="$VAR[Textures.GlobalColor]">osd/controls/random_ON_fo.png</alttexturefocus>
					<alttexturenofocus>osd/controls/random_ON_nf.png</alttexturenofocus>
					<onclick>PlayerControl(Random)</onclick>
					<visible>!MusicPartyMode.Enabled + !MusicPlayer.Content(LiveTV)</visible>
				</control>
				<control type="group" id="199">
					<width>64</width>
					<height>64</height>
					<visible>!MusicPartyMode.Enabled + !MusicPlayer.Content(LiveTV)</visible>
					<control type="togglebutton" id="194">
						<include>OSDControlsButtonBig</include>
						<texturefocus></texturefocus>
						<texturenofocus></texturenofocus>
						<onclick>PlayerControl(Repeat)</onclick>
						<onleft>100</onleft>
						<onright>190</onright>
						<onup>193</onup>
						<ondown>198</ondown>
					</control>
					<control type="image">
						<width>64</width>
						<height>64</height>
						<texture>osd/controls/repeat_nf.png</texture>
						<visible>!Playlist.IsRepeat + !Playlist.IsRepeatOne</visible>
						<visible>!Control.HasFocus(194)</visible>
					</control>
					<control type="image">
						<width>64</width>
						<height>64</height>
						<colordiffuse>$VAR[Textures.GlobalColor]</colordiffuse>
						<texture>osd/controls/repeat_fo.png</texture>
						<visible>!Playlist.IsRepeat + !Playlist.IsRepeatOne</visible>
						<visible>Control.HasFocus(194)</visible>
					</control>
					<control type="image">
						<width>64</width>
						<height>64</height>
						<texture>osd/controls/repeat_one_nf.png</texture>
						<visible>Playlist.IsRepeatOne</visible>
						<visible>!Control.HasFocus(194)</visible>
					</control>
					<control type="image">
						<width>64</width>
						<height>64</height>
						<colordiffuse>$VAR[Textures.GlobalColor]</colordiffuse>
						<texture>osd/controls/repeat_one_fo.png</texture>
						<visible>Playlist.IsRepeatOne</visible>
						<visible>Control.HasFocus(194)</visible>
					</control>
					<control type="image">
						<width>64</width>
						<height>64</height>
						<texture>osd/controls/repeat_all_nf.png</texture>
						<visible>Playlist.IsRepeat</visible>
						<visible>!Control.HasFocus(194)</visible>
					</control>
					<control type="image">
						<width>64</width>
						<height>64</height>
						<colordiffuse>$VAR[Textures.GlobalColor]</colordiffuse>
						<texture>osd/controls/repeat_all_fo.png</texture>
						<visible>Playlist.IsRepeat</visible>
						<visible>Control.HasFocus(194)</visible>
					</control>
				</control>
				<control type="button" id="198">
					<include>OSDControlsButtonBig</include>
					<texturefocus colordiffuse="$VAR[Textures.GlobalColor]">osd/controls/rec_fo.png</texturefocus>
					<texturenofocus>osd/controls/rec_nf.png</texturenofocus>
					<onclick>PVR.ToggleRecordPlayingChannel</onclick>
					<visible>PVR.CanRecordPlayingChannel</visible>
				</control>
				<control type="button" id="197">
					<include>OSDControlsButtonBig</include>
					<texturefocus colordiffuse="$VAR[Textures.GlobalColor]">osd/controls/audio_profiles_fo.png</texturefocus>
					<texturenofocus>osd/controls/audio_profiles_nf.png</texturenofocus>
					<onclick>Close</onclick>
					<onclick>RunScript(script.audio.profiles,0)</onclick>
					<visible>System.HasAddon(script.audio.profiles)</visible>
				</control>
			</control>
			<!-- Arrow -->
			<control type="grouplist">
				<left>630</left>
				<top>385</top>
				<width>1280</width>
				<height>720</height>
				<align>center</align>
				<aligny>center</aligny>
				<orientation>horizontal</orientation>
				<animation effect="rotate" start="0" end="90" center="1270,360" condition="true">Conditional</animation>
				<animation effect="slide" start="0,0" end="0,-35" delay="140" time="250" tween="quadratic" easing="out" condition="!ControlGroup(190).HasFocus">Conditional</animation>
				<control type="image">
					<width>16</width>
					<height>16</height>
					<aspectratio>stretch</aspectratio>
					<texture background="true">icons/submenu_arrow.png</texture>
					<colordiffuse>viewsinfo</colordiffuse>
				</control>
				<control type="label">
					<width min="0" max="720">auto</width>
					<height>15</height>
					<font>FontSize_15B</font>
					<label>$LOCALIZE[22082]</label>
					<textcolor>viewsinfo</textcolor>
					<shadowcolor>77000000</shadowcolor>
					<scroll>false</scroll>
				</control>
			</control>
		</control>
	</include>

	<variable name="OverlayStateIcons">
		<value condition="Player.Paused">osd/paused-overlay.png</value>
		<value condition="Player.Forwarding">osd/ff-overlay.png</value>
		<value condition="Player.Rewinding">osd/rw-overlay.png</value>
	</variable>

	<variable name="TextViewerOSDTextbox">
		<value condition="!String.IsEmpty(VideoPlayer.CastAndRole)">[COLOR=white]$LOCALIZE[207][CR][/COLOR]$INFO[VideoPlayer.Plot][CR][CR][COLOR=white]$LOCALIZE[206][/COLOR][CR]$INFO[VideoPlayer.CastAndRole][CR][CR][COLOR=white]$LOCALIZE[563][/COLOR][CR]$INFO[VideoPlayer.MPAA]</value>
		<value condition="!String.IsEmpty(VideoPlayer.MPAA)">[COLOR=white]$LOCALIZE[207][/COLOR][CR]$INFO[VideoPlayer.Plot][CR][CR][COLOR=white]$LOCALIZE[563][/COLOR][CR]$INFO[VideoPlayer.MPAA]</value>
		<value condition="!String.IsEmpty(VideoPlayer.Plot)">[COLOR=white]$LOCALIZE[207][/COLOR][CR]$INFO[VideoPlayer.Plot]</value>
		<value>$LOCALIZE[195]</value>
	</variable>

	<variable name="SubtitlesSearchTitleString">
		<value condition="VideoPlayer.Content(Episodes)"> for [B]"$INFO[VideoPlayer.TVShowTitle,, ]$INFO[VideoPlayer.Season,,x]$INFO[VideoPlayer.Episode]"[/B]</value>
		<value>$INFO[Player.Title, for [B]","[/B]]</value>
	</variable>

	<variable name="PlayerTitleLabel">
			<value condition="VideoPlayer.Content(LiveTV)">$INFO[VideoPlayer.ChannelName]</value>
	</variable>



	<variable name="OSDInfoPremieredFadeLabel">
		<value condition="VideoPlayer.Content(Episodes)">$INFO[VideoPlayer.Premiered,[COLOR=white]$LOCALIZE[20416]:[/COLOR] ]</value>
	</variable>

	<variable name="OSDInfoChapterFadeLabel">
		<value condition="Player.ChapterCount">$LOCALIZE[21396]: [COLOR=white]$INFO[Player.Chapter]$INFO[Player.ChapterCount, / ][/COLOR]</value>
	</variable>

	<variable name="OSDInfoPresDownFadeLabel">
		<value condition="[Window.IsActive(VideoOSD) + !String.IsEmpty(VideoPlayer.Plot)]">[COLOR=$VAR[Textures.GlobalColor]]$LOCALIZE[31164][/COLOR]</value>
	</variable>

	<variable name="OSDPVRChannelsGroupLabel">
		<value condition="pvr.IsPlayingTv">$INFO[VideoPlayer.ChannelGroup]</value>
		<value condition="pvr.IsPlayingRadio">$INFO[MusicPlayer.ChannelGroup]</value>
	</variable>

	<variable name="FullScreenMusicStyleName">
		<value condition="String.IsEqual(Skin.String(FullScreenMusicStyle),1)">$LOCALIZE[571]</value>
		<value condition="String.IsEqual(Skin.String(FullScreenMusicStyle),2)">$LOCALIZE[31107]</value>
	</variable>

	<variable name="FullScreenVideoStyleName">
		<value condition="String.IsEqual(Skin.String(FullScreenVideoStyle),1)">$LOCALIZE[571]</value>
		<value condition="String.IsEqual(Skin.String(FullScreenVideoStyle),2)">$LOCALIZE[31107]</value>
	</variable>

	<variable name="DialogSeekBarStyleName">
		<value condition="String.IsEqual(Skin.String(DialogSeekBarStyle),1)">$LOCALIZE[571]</value>
	</variable>

	<variable name="DialogSeekBarTime">
		<value condition="!Player.Seeking">$INFO[Player.Time]</value>
		<value condition="Player.Seeking">$INFO[Player.SeekTime]</value>
	</variable>

	<variable name="DialogSeekBarLabel">
		<!-- <value condition="Integer.IsGreater(PVR.ChannelNumberInput,0)">[COLOR=white][B]$INFO[PVR.ChannelNumberInput][/B][/COLOR]</value> -->
		<value condition="Player.Caching">[COLOR=white][B]..$INFO[Player.CacheLevel]%[/B][/COLOR]</value>
		<value condition="Player.Paused + ![Player.Caching | Player.Seeking]">[COLOR=white][B]$LOCALIZE[31302][/B][/COLOR]</value>
		<value condition="!String.IsEmpty(Player.SeekStepSize) + ![Player.Forwarding | Player.Rewinding]">[COLOR=white][B]$INFO[Player.SeekStepSize][/B][/COLOR]</value>
		<value condition="Player.Seeking + !String.IsEmpty(Player.SeekOffset)">[COLOR=white][B]$INFO[Player.SeekOffset][/B][/COLOR]</value>
		<value condition="Player.Rewinding2x + !Player.Seeking">[COLOR=white][B]x2[/B][/COLOR]</value>
		<value condition="Player.Rewinding4x + !Player.Seeking">[COLOR=white][B]x4[/B][/COLOR]</value>
		<value condition="Player.Rewinding8x + !Player.Seeking">[COLOR=white][B]x8[/B][/COLOR]</value>
		<value condition="Player.Rewinding16x + !Player.Seeking">[COLOR=white][B]x16[/B][/COLOR]</value>
		<value condition="Player.Rewinding32x + !Player.Seeking">[COLOR=white][B]x32[/B][/COLOR]</value>
		<value condition="Player.Forwarding2x + !Player.Seeking">[COLOR=white][B]x2[/B][/COLOR]</value>
		<value condition="Player.Forwarding4x + !Player.Seeking">[COLOR=white][B]x4[/B][/COLOR]</value>
		<value condition="Player.Forwarding8x + !Player.Seeking">[COLOR=white][B]x8[/B][/COLOR]</value>
		<value condition="Player.Forwarding16x + !Player.Seeking">[COLOR=white][B]x16[/B][/COLOR]</value>
		<value condition="Player.Forwarding32x + !Player.Seeking">[COLOR=white][B]x32[/B][/COLOR]</value>
		<value condition="Player.DisplayAfterSeek + !Player.Seeking + !String.IsEmpty(Player.SeekOffset)">[COLOR=white][B]$INFO[Player.SeekOffset][/B][/COLOR]</value>
	</variable>


	<variable name="DialogSeekBarIcons">
		<value condition="Player.Forwarding">osd/osd_ff.png</value>
		<value condition="Player.Rewinding">osd/osd_rw.png</value>
		<value condition="Player.Paused | Player.Caching">osd/osd_pause.png</value>
	</variable>

	<variable name="PlayerArtPoster">
		<value condition="!String.IsEmpty(Player.Art(poster))">$INFO[Player.Art(poster)]</value>
		<value condition="VideoPlayer.Content(Episodes) + !String.IsEmpty(Player.Art(tvshow.poster))">$INFO[Player.Art(tvshow.poster)]</value>
	</variable>

	<variable name="Vis-Background">
		<value condition="Skin.HasSetting(Vis-Fanart) + !String.IsEmpty(Player.Art(fanart))">$INFO[Player.Art(fanart)]</value>
		<value condition="Skin.HasSetting(Vis-ArtistSlideshow) + !String.IsEmpty(Window(Visualisation).Property(ArtistSlideshow.Image))">$INFO[Window(Visualisation).Property(ArtistSlideshow.Image)]</value>
		<value condition="Skin.HasSetting(Vis-MusicSlideshow) + !String.IsEmpty(Window(home).Property(EmbuaryBackgroundMusic))">$INFO[Window(home).Property(EmbuaryBackgroundMusic)]</value>
		<value>empty_icon.png</value>
	</variable>

</includes>
