<?xml version="1.0" encoding="UTF-8"?>
<window  id="1">
	<defaultcontrol always="true">50</defaultcontrol>
  <menucontrol>9000</menucontrol>
	<backgroundcolor>bgcolor</backgroundcolor>
	<views>50,660,56,563,560</views>
	<controls>
		<include>BackgroundItems</include>
		<include>ProgramsViews</include>
		<include>CommonItems</include>

		<!-- ================ -->
		<!-- Top Options Menu -->
		<!-- ================ -->
		<control type="group"  id="9000">
			<defaultcontrol always="true">9111</defaultcontrol>
			<include>TextViewerHideAnimations</include>
			<include>ShutdownMenuAnimation</include>
			<!-- Options -->
			<control type="group">
				<left>30</left>
				<top>25</top>
				<include>OptionsTopMenuAnimation</include>
				<include>OptionsTopMenuHeader</include>
				<visible allowhiddenfocus="true">!ControlGroup(9222).HasFocus</visible>
				<control type="grouplist" id="9111">
					<include>OptionsTopMenuVars</include>
					<control type="button" id="280">
						<description>View as</description>
						<include>TopLeftMenusButton</include>
						<label>$INFO[Control.GetLabel(2)]</label>
						<onclick>SetFocus(9222)</onclick>
					</control>

					<control type="togglebutton" id="296">
						<description>Change Thumbs Size (AddonsThumbnails)</description>
						<include>TopLeftMenusButton</include>
						<label>$LOCALIZE[31098]</label>
						<altlabel>$LOCALIZE[31099]</altlabel>
						<onclick>Skin.ToggleSetting(ShowSmallAddonsThumbs)</onclick>
						<selected>Skin.HasSetting(ShowSmallAddonsThumbs)</selected>
						<visible>Control.IsVisible(563) + $EXP[ThumbnailsViewAddons_563]</visible>
					</control>

					<control type="button" id="311">
						<description>Sort by</description>
						<include>TopLeftMenusButton</include>
						<label>$INFO[Control.GetLabel(3)]</label>
						<onclick>Action(left)</onclick>
						<onclick>SendClick(3)</onclick>
						<enable>Control.IsEnabled(3)</enable>
					</control>
					<control type="togglebutton" id="4">
						<description>Sort Ascending/Descending</description>
						<label>$LOCALIZE[21429]: $LOCALIZE[584]</label>
						<altlabel>$LOCALIZE[21429]: $LOCALIZE[585]</altlabel>
						<usealttexture>Container.SortDirection(Ascending)</usealttexture>
						<include>TopLeftMenusButton</include>
					</control>
					<control type="edit" id="19">
						<description>Filter</description>
						<label>$LOCALIZE[587]</label>
						<textwidth>305</textwidth>
						<include>TopLeftMenusButton</include>
						<visible>Container.CanFilter + !Container.CanFilterAdvanced</visible>
					</control>
					<control type="button" id="98">
						<description>FilterAdvanced</description>
						<label>$LOCALIZE[587]</label>
						<include>TopLeftMenusButton</include>
						<onclick>Action(right)</onclick>
						<selected>Container.Filtered</selected>
						<onclick>Filter</onclick>
						<visible>Container.CanFilterAdvanced</visible>
					</control>
					<control type="button" id="94">
						<description>Settings</description>
						<label>$LOCALIZE[10140]</label>
						<include>TopLeftMenusButton</include>
						<onclick>Addon.OpenSettings($INFO[Container.PluginName])</onclick>
						<visible>!String.IsEmpty(Container.PluginName)</visible>
					</control>
					<include>OptionsTopMenuEnd</include>
				</control>
			</control>

			<!-- Views -->
			<control type="group">
				<left>30</left>
				<top>25</top>
				<include>OptionsTopMenuAnimation</include>
				<include>OptionsTopMenuHeader</include>
				<visible allowhiddenfocus="true">ControlGroup(9222).HasFocus</visible>
				<control type="grouplist" id="9222">
					<include content="OptionsTopMenuVars">
						<param name="top_id" value="997"/>
					</include>
					<control type="button" id="940">
						<description>List</description>
						<include>TopLeftMenusButton</include>
						<label>$LOCALIZE[535]$VAR[ActiveViewList, (,)]</label>
						<onclick>Container.SetViewMode(50)</onclick>
					</control>
					<control type="button" id="959">
						<description>BelloView Generic</description>
						<include>TopLeftMenusButton</include>
						<label>Bello$VAR[ActiveViewBello, (,)]</label>
						<onclick>Container.SetViewMode(660)</onclick>
						<visible>$EXP[BelloViewGeneric_660]</visible>
					</control>
					<control type="button" id="945">
						<description>ThumbnailsGeneric</description>
						<include>TopLeftMenusButton</include>
						<label>$LOCALIZE[31085]$VAR[ActiveViewThubnails, (,)]</label>
						<onclick>Container.SetViewMode(56)</onclick>
						<visible>$EXP[ThumbnailsViewGeneric_56]</visible>
					</control>

					<control type="button" id="946"> <!-- Thumbnails Addons 560 -->
						<description>ThumbnailsAddons</description>
						<include>TopLeftMenusButton</include>
						<label>$LOCALIZE[31085]$VAR[ActiveViewThubnails, (,)]</label>
						<onclick>Container.SetViewMode(563)</onclick>
						<visible>$EXP[ThumbnailsViewAddons_563]</visible>
					</control>

					<include content="OptionsTopMenuEnd">
						<param name="end_id" value="996"/>
					</include>
				</control>
			</control>
		</control>

		<!-- ================ -->
		<!-- Top Content Info -->
		<!-- ================ -->
	<!--	<control type="group">
			<left>45</left>
			<top>25</top>
			<include>ShutdownMenuAnimation</include>
			<include>InfoDialogs_ContentInfoAnimation</include>
			<include>VisibleHiddenSlideAnimation</include>
			<visible>!ControlGroup(9000).HasFocus</visible>
			<control type="grouplist">
				<left>0</left>
				<top>0</top>
				<height>70</height>
				<width>1000</width>
				<align>left</align>
				<itemgap>15</itemgap>
				<orientation>horizontal</orientation>
				<include>LogoBig</include>
				<include>OpenCloseSlideAnimationTwo</include>
				<control type="label">
					<include>TopBigLabel</include>
					<label>$LOCALIZE[0]</label>
				</control>
				<control type="label">
					<include>TopSmallLabel</include>
					<label>$INFO[Container.FolderName]</label>
				</control>
			</control>
		</control> -->

		<control type="button" id="2">
			<description>View</description>
			<visible>false</visible>
		</control>
		<control type="button" id="3">
			<description>Short by</description>
			<visible>false</visible>
		</control>
		<include>CommonWeatherAndClock</include>
		<include>JumpToFirstSortLetter</include>
	</controls>
</window>
